updates,loss,ground,driver,coupler,follower,grad_ground,grad_driver,grad_coupler,grad_follower
0,0.6496242337987741,2.28,0.91,2.8,2.3,0.4006592089748048,-0.5494743521343253,0.8278769953760473,-0.7754637719292229
1,0.6320733283735835,2.275993407910252,0.9154947435213433,2.79172123004624,2.307754637719293,0.4104593113139465,-0.5565702179672376,0.8278772171980435,-0.7806260550347557
2,0.6142825038064176,2.271888814797113,0.9210604457010156,2.783442457874259,2.31556089826964,0.4204378362684944,-0.5635708245980375,0.8278796088026663,-0.7859493263564661
3,0.596245320111555,2.267684436434428,0.926696153946996,2.775163661786233,2.323420391533205,0.4306026326830335,-0.5704576306331918,0.8278767892112926,-0.7914392167154193
4,0.57795540573483,2.263378410107598,0.9324007302533279,2.76688489389412,2.331334783700359,0.4409619248046676,-0.5772091097418791,0.8278601540480977,-0.797101882201525
5,0.5594065000635614,2.258968790859551,0.9381728213507468,2.758606292353639,2.339305802522374,0.4515243497282939,-0.5838001755869043,0.8278196034546867,-0.8029440592475723
6,0.5405925069013101,2.254453547362269,0.9440108231066158,2.750328096319092,2.34733524311485,0.4622989970954814,-0.5902014656586209,0.8277431981887098,-0.808973124476031
7,0.5215075619061834,2.249830557391314,0.949912837763202,2.742050664337205,2.355424974359611,0.4732954497902173,-0.5963784417004138,0.8276167209729604,-0.8151971580369787
8,0.5021461179710961,2.245097602893412,0.9558766221802062,2.733774497127475,2.36357694593998,0.4845238231927284,-0.60229024931744,0.8274231115306724,-0.8216250077382787
9,0.4825030538809065,2.240252364661484,0.9618995246733806,2.725500266012169,2.371793196017363,0.495994798563403,-0.607888257978224,0.8271417313328573,-0.8282663488555958
10,0.4625738134828938,2.235292416675851,0.9679784072531629,2.71722884869884,2.380075859505919,0.5077196427880581,-0.6131141719382464,0.8267473959915747,-0.8351317304211908
11,0.4423545853075642,2.23021522024797,0.9741095489725453,2.708961374738924,2.388427176810131,0.5197102010901532,-0.6178975579775001,0.8262090864642165,-0.8422325918600847
12,0.4218425364660439,2.225018118237069,0.9802885245523203,2.700699283874282,2.396849502728732,0.531978839781197,-0.6221525699320655,0.8254882099930684,-0.8495812220374558
13,0.4010361203355394,2.219698329839257,0.986510050251641,2.692444401774351,2.405345314949106,0.5445382998057051,-0.6257735511227599,0.8245362201722098,-0.8571906125004735
14,0.3799354859882217,2.214252946841199,0.9927677857628685,2.684199039572629,2.413917221074111,0.5574013935676092,-0.6286290449350933,0.823291309709335,-0.8650741214456091
15,0.3585430300744583,2.208678932905523,0.9990540762122194,2.675966126475536,2.422567962288567,0.5705804277898957,-0.6305535095106762,0.8216737372677858,-0.8732448027648479
16,0.3368641514914165,2.202973128627625,1.005359611307326,2.667749389102858,2.431300410316216,0.5840861460820367,-0.6313356616631464,0.8195791029650819,-0.8817141429357882
17,0.3149082999284317,2.197132267166804,1.011672967923958,2.659553598073207,2.440117551745574,0.5979258220544783,-0.6307017764162516,0.8168684777899444,-0.890489744206751
18,0.2926904585804802,2.191153008946259,1.01797998568812,2.651384913295308,2.449022449187642,0.6120998292329349,-0.6282912821175606,0.813353597193671,-0.8995711098839154
19,0.2702332816459068,2.18503201065393,1.024262898509296,2.643251377323371,2.458018160286481,0.6265954296346125,-0.6236203327034172,0.8087741197932645,-0.9089419527227037
20,0.2475702410528175,2.178766056357584,1.03049910183633,2.635163636125438,2.467107579813708,0.6413753703683955,-0.6160261983118519,0.8027617955928706,-0.9185559975034432
21,0.2247503639879846,2.1723523026539,1.036659363819449,2.62713601816951,2.476293139788742,0.6563565381431155,-0.6045803811845553,0.7947824531120576,-0.9283103051495468
22,0.2018455334730292,2.165788737272468,1.042705167631294,2.619188193638389,2.485576242840237,0.6713690348931679,-0.5879497624285324,0.7840394057901511,-0.9379939985943223
23,0.1789619968479564,2.159075046923537,1.048584665255579,2.611347799580487,2.494956182826181,0.6860755761952001,-0.5641704249536846,0.7693082425728569,-0.9471871219483806
24,0.1626026874292101,2.152214291161584,1.054226369505116,2.603654717154759,2.504428054045664,-0.2107945452205016,1.46408169523852,1.133313680638072,-0.9736604977364077
25,0.1479350632643774,2.15432223661379,1.039585552552731,2.592321580348378,2.514164659023028,0.6981493237839875,-0.5743784380251802,0.7696763323118729,-0.9499508118917156
26,0.1249327570958247,2.147340743375949,1.045329336932983,2.584624817025259,2.523664167141945,0.712311059228396,-0.5294296238762732,0.7433511744787237,-0.9583550232796004
27,0.1069560757664159,2.140217632783666,1.050623633171746,2.577191305280472,2.533247717374741,-0.1240519981271694,1.388955782572346,0.9543997202131267,-0.6365655019456681
28,0.09736080347789745,2.141458152764937,1.036734075346022,2.567647308078341,2.539613372394198,0.7231497353313215,-0.5308691963717946,0.7404084058024207,-0.9617090214364603
29,0.07497102395860328,2.134226655411624,1.04204276730974,2.560243224020316,2.549230462608562,0.7305416473492838,-0.4299427104835736,0.6802627387865406,-0.9613673775871397
30,0.07306089516845815,2.126921238938131,1.046342194414576,2.553440596632451,2.558844136384434,0.0009122738117848168,0.9956829497204832,0.4956600391810818,0.005264477806178224
31,0.06238064156128578,2.126912116200014,1.036385364917371,2.54848399624064,2.558791491606372,0.04099634423163544,0.7701671619320903,0.2805921688251631,0.2566137747566531
32,0.05851658794736869,2.126502152757697,1.02868369329805,2.545678074552389,2.556225353858805,0.7385156076987902,-0.4844435838691678,0.7107219052801437,-0.967551237446085
33,0.0614475146712096,2.119116996680709,1.033528129136742,2.538570855499587,2.565900866233266,0.07464088930261038,0.476235655278313,0.02054314255239838,0.523260358524883
34,0.05638793396637694,2.118370587787683,1.028765772583959,2.538365424074063,2.560668262648017,0.07636882973926351,0.4597610329328316,0.006758749948778462,0.536002566255226
35,0.05149091705866975,2.117606899490291,1.02416816225463,2.538297836574575,2.555308236985465,0.08164328634884983,0.4323027922118751,-0.01334578587610338,0.5522538361613187
36,0.05688499468025186,2.116790466626802,1.019845134332511,2.538431294433336,2.549785698623852,0.7389847815856214,-0.5585791200556739,0.7529365642988441,-0.9702350077064176
37,0.05383145979318214,2.109400618810946,1.025430925533068,2.530901928790348,2.559488048700916,0.08682005683055728,0.3090041343943422,-0.1195003750190128,0.647294247660138
38,0.04879645700860984,2.10853241824264,1.022340884189125,2.532096932540538,2.553015106224315,0.01870703493796434,0.8799120956837884,0.3943460916324104,0.1309281013679885
39,0.0463881296489799,2.108345347893261,1.013541763232287,2.528153471624214,2.551705825210635,0.1016407223793092,0.07262405207225611,-0.3001304878378765,0.7837965149299064
40,0.05416229015974759,2.107328940669468,1.012815522711564,2.531154776502593,2.543867860061336,0.7374738544848132,-0.6083320213927002,0.7797952314982781,-0.9693353102167606
