iteration,objective,objective_gap
0.000000000000000000e+00,6.809112967617627632e+00,6.809112967617627632e+00
1.000000000000000000e+00,6.647050746012295619e+00,6.647050746012295619e+00
2.000000000000000000e+00,6.487753999559293661e+00,6.487753999559293661e+00
3.000000000000000000e+00,6.331235770179762135e+00,6.331235770179762135e+00
4.000000000000000000e+00,6.177506228176471659e+00,6.177506228176471659e+00
5.000000000000000000e+00,6.026572634402781681e+00,6.026572634402781681e+00
6.000000000000000000e+00,5.878439318198239505e+00,5.878439318198239505e+00
7.000000000000000000e+00,5.733107671150028395e+00,5.733107671150028395e+00
8.000000000000000000e+00,5.590576156550509879e+00,5.590576156550509879e+00
9.000000000000000000e+00,5.450840334237658347e+00,5.450840334237658347e+00
1.000000000000000000e+01,5.313892900331268265e+00,5.313892900331268265e+00
1.100000000000000000e+01,5.179723741216323951e+00,5.179723741216323951e+00
1.200000000000000000e+01,5.048320000978873345e+00,5.048320000978873345e+00
1.300000000000000000e+01,4.919666161371297974e+00,4.919666161371297974e+00
1.400000000000000000e+01,4.793744133274796759e+00,4.793744133274796759e+00
1.500000000000000000e+01,4.670533358538516921e+00,4.670533358538516921e+00
1.600000000000000000e+01,4.550010921007356046e+00,4.550010921007356046e+00
1.700000000000000000e+01,4.432151665504550309e+00,4.432151665504550309e+00
1.800000000000000000e+01,4.316928323509852561e+00,4.316928323509852561e+00
1.900000000000000000e+01,4.204311644268831749e+00,4.204311644268831749e+00
2.000000000000000000e+01,4.094270530082093629e+00,4.094270530082093629e+00
2.100000000000000000e+01,3.986772174553485204e+00,3.986772174553485204e+00
2.200000000000000000e+01,3.881782202621744116e+00,3.881782202621744116e+00
2.300000000000000000e+01,3.779264811258479462e+00,3.779264811258479462e+00
2.400000000000000000e+01,3.679182909784726174e+00,3.679182909784726174e+00
2.500000000000000000e+01,3.581498258836389947e+00,3.581498258836389947e+00
2.600000000000000000e+01,3.486171607093582203e+00,3.486171607093582203e+00
2.700000000000000000e+01,3.393162824977955516e+00,3.393162824977955516e+00
2.800000000000000000e+01,3.302431034613921845e+00,3.302431034613921845e+00
2.900000000000000000e+01,3.213934735442070867e+00,3.213934735442070867e+00
3.000000000000000000e+01,3.127631924964787924e+00,3.127631924964787924e+00
3.100000000000000000e+01,3.043480214193481803e+00,3.043480214193481803e+00
3.200000000000000000e+01,2.961436937452858409e+00,2.961436937452858409e+00
3.300000000000000000e+01,2.881459256279256920e+00,2.881459256279256920e+00
3.400000000000000000e+01,2.803504257226584251e+00,2.803504257226584251e+00
3.500000000000000000e+01,2.727529043464030689e+00,2.727529043464030689e+00
3.600000000000000000e+01,2.653490820114420501e+00,2.653490820114420501e+00
3.700000000000000000e+01,2.581346973340239881e+00,2.581346973340239881e+00
3.800000000000000000e+01,2.511055143236234244e+00,2.511055143236234244e+00
3.900000000000000000e+01,2.442573290632883420e+00,2.442573290632883420e+00
4.000000000000000000e+01,2.375859757954251528e+00,2.375859757954251528e+00
4.100000000000000000e+01,2.310873324306930598e+00,2.310873324306930598e+00
4.200000000000000000e+01,2.247573255004303050e+00,2.247573255004303050e+00
4.300000000000000000e+01,2.185919345752554754e+00,2.185919345752554754e+00
4.400000000000000000e+01,2.125871961742153538e+00,2.125871961742153538e+00
4.500000000000000000e+01,2.067392071901282158e+00,2.067392071901282158e+00
4.600000000000000000e+01,2.010441278576428736e+00,2.010441278576428736e+00
4.700000000000000000e+01,1.954981842910400225e+00,1.954981842910400225e+00
4.800000000000000000e+01,1.900976706189910104e+00,1.900976706189910104e+00
4.900000000000000000e+01,1.848389507433935153e+00,1.848389507433935153e+00
5.000000000000000000e+01,1.797184597490709912e+00,1.797184597490709912e+00
5.100000000000000000e+01,1.747327049905840646e+00,1.747327049905840646e+00
5.200000000000000000e+01,1.698782668816952723e+00,1.698782668816952723e+00
5.300000000000000000e+01,1.651517994121819877e+00,1.651517994121819877e+00
5.400000000000000000e+01,1.605500304157386537e+00,1.605500304157386537e+00
5.500000000000000000e+01,1.560697616116693887e+00,1.560697616116693887e+00
5.600000000000000000e+01,1.517078684419729928e+00,1.517078684419729928e+00
5.700000000000000000e+01,1.474612997242827239e+00,1.474612997242827239e+00
5.800000000000000000e+01,1.433270771399587140e+00,1.433270771399587140e+00
5.900000000000000000e+01,1.393022945754620601e+00,1.393022945754620601e+00
6.000000000000000000e+01,1.353841173339715986e+00,1.353841173339715986e+00
6.100000000000000000e+01,1.315697812330572036e+00,1.315697812330572036e+00
6.200000000000000000e+01,1.278565916030973471e+00,1.278565916030973471e+00
6.300000000000000000e+01,1.242419222000376244e+00,1.242419222000376244e+00
6.400000000000000000e+01,1.207232140450324787e+00,1.207232140450324787e+00
6.500000000000000000e+01,1.172979742025019867e+00,1.172979742025019867e+00
6.600000000000000000e+01,1.139637745071690578e+00,1.139637745071690578e+00
6.700000000000000000e+01,1.107182502497265686e+00,1.107182502497265686e+00
6.800000000000000000e+01,1.075590988299152784e+00,1.075590988299152784e+00
6.900000000000000000e+01,1.044840783849763088e+00,1.044840783849763088e+00
7.000000000000000000e+01,1.014910064006738777e+00,1.014910064006738777e+00
7.100000000000000000e+01,9.857775831136660338e-01,9.857775831136660338e-01
7.200000000000000000e+01,9.574226609493579065e-01,9.574226609493579065e-01
7.300000000000000000e+01,9.298251686775669267e-01,9.298251686775669267e-01
7.400000000000000000e+01,9.029655148432236267e-01,9.029655148432236267e-01
7.500000000000000000e+01,8.768246314559678956e-01,8.768246314559678956e-01
7.600000000000000000e+01,8.513839601968248294e-01,8.513839601968248294e-01
7.700000000000000000e+01,8.266254387793736669e-01,8.266254387793736669e-01
7.800000000000000000e+01,8.025314874926128272e-01,8.025314874926128272e-01
7.900000000000000000e+01,7.790849959489521970e-01,7.790849959489521970e-01
8.000000000000000000e+01,7.562693100573105731e-01,7.562693100573105731e-01
8.100000000000000000e+01,7.340682192381694504e-01,7.340682192381694504e-01
8.200000000000000000e+01,7.124659438945890599e-01,7.124659438945890599e-01
8.300000000000000000e+01,6.914471231506231774e-01,6.914471231506231774e-01
8.400000000000000000e+01,6.709968028662525175e-01,6.709968028662525175e-01
8.500000000000000000e+01,6.511004239358784140e-01,6.511004239358784140e-01
8.600000000000000000e+01,6.317438108755372150e-01,6.317438108755372150e-01
8.700000000000000000e+01,6.129131607023464712e-01,6.129131607023464712e-01
8.800000000000000000e+01,5.945950321081914236e-01,5.945950321081914236e-01
8.900000000000000000e+01,5.767763349283524521e-01,5.767763349283524521e-01
9.000000000000000000e+01,5.594443199046063020e-01,5.594443199046063020e-01
9.100000000000000000e+01,5.425865687413108374e-01,5.425865687413108374e-01
9.200000000000000000e+01,5.261909844520863411e-01,5.261909844520863411e-01
9.300000000000000000e+01,5.102457819939293371e-01,5.102457819939293371e-01
9.400000000000000000e+01,4.947394791849163420e-01,4.947394791849163420e-01
9.500000000000000000e+01,4.796608879010821891e-01,4.796608879010821891e-01
9.600000000000000000e+01,4.649991055475610757e-01,4.649991055475610757e-01
9.700000000000000000e+01,4.507435067986678146e-01,4.507435067986678146e-01
9.800000000000000000e+01,4.368837356012519879e-01,4.368837356012519879e-01
9.900000000000000000e+01,4.234096974353775966e-01,4.234096974353775966e-01
1.000000000000000000e+02,4.103115518261574168e-01,4.103115518261574168e-01
1.010000000000000000e+02,3.975797051003970850e-01,3.975797051003970850e-01
1.020000000000000000e+02,3.852048033815759220e-01,3.852048033815759220e-01
1.030000000000000000e+02,3.731777258166049105e-01,3.731777258166049105e-01
1.040000000000000000e+02,3.614895780277446180e-01,3.614895780277446180e-01
1.050000000000000000e+02,3.501316857830522045e-01,3.501316857830522045e-01
1.060000000000000000e+02,3.390955888787231531e-01,3.390955888787231531e-01
1.070000000000000000e+02,3.283730352267320574e-01,3.283730352267320574e-01
1.080000000000000000e+02,3.179559751412227020e-01,3.179559751412227020e-01
1.090000000000000000e+02,3.078365558171687333e-01,3.078365558171687333e-01
1.100000000000000000e+02,2.980071159949118642e-01,2.980071159949118642e-01
1.110000000000000000e+02,2.884601808042832616e-01,2.884601808042832616e-01
1.120000000000000000e+02,2.791884567821227847e-01,2.791884567821227847e-01
1.130000000000000000e+02,2.701848270571318156e-01,2.701848270571318156e-01
1.140000000000000000e+02,2.614423466961240949e-01,2.614423466961240949e-01
1.150000000000000000e+02,2.529542382058701522e-01,2.529542382058701522e-01
1.160000000000000000e+02,2.447138871848746067e-01,2.447138871848746067e-01
1.170000000000000000e+02,2.367148381195672835e-01,2.367148381195672835e-01
1.180000000000000000e+02,2.289507903195359684e-01,2.289507903195359684e-01
1.190000000000000000e+02,2.214155939865793676e-01,2.214155939865793676e-01
1.200000000000000000e+02,2.141032464125066925e-01,2.141032464125066925e-01
1.210000000000000000e+02,2.070078883007652193e-01,2.070078883007652193e-01
1.220000000000000000e+02,2.001238002071245858e-01,2.001238002071245858e-01
1.230000000000000000e+02,1.934453990948001023e-01,1.934453990948001023e-01
1.240000000000000000e+02,1.869672349995461780e-01,1.869672349995461780e-01
1.250000000000000000e+02,1.806839878004000699e-01,1.806839878004000699e-01
1.260000000000000000e+02,1.745904640919014317e-01,1.745904640919014317e-01
1.270000000000000000e+02,1.686815941537604113e-01,1.686815941537604113e-01
1.280000000000000000e+02,1.629524290140876575e-01,1.629524290140876575e-01
1.290000000000000000e+02,1.573981376024396750e-01,1.573981376024396750e-01
1.300000000000000000e+02,1.520140039890721106e-01,1.520140039890721106e-01
1.310000000000000000e+02,1.467954247069259144e-01,1.467954247069259144e-01
1.320000000000000000e+02,1.417379061530044115e-01,1.417379061530044115e-01
1.330000000000000000e+02,1.368370620659272174e-01,1.368370620659272174e-01
1.340000000000000000e+02,1.320886110765728816e-01,1.320886110765728816e-01
1.350000000000000000e+02,1.274883743288436622e-01,1.274883743288436622e-01
1.360000000000000000e+02,1.230322731677056941e-01,1.230322731677056941e-01
1.370000000000000000e+02,1.187163268917735132e-01,1.187163268917735132e-01
1.380000000000000000e+02,1.145366505678195312e-01,1.145366505678195312e-01
1.390000000000000000e+02,1.104894529046997753e-01,1.104894529046997753e-01
1.400000000000000000e+02,1.065710341842923126e-01,1.065710341842923126e-01
1.410000000000000000e+02,1.027777842471476605e-01,1.027777842471476605e-01
1.420000000000000000e+02,9.910618053065070598e-02,9.910618053065070598e-02
1.430000000000000000e+02,9.555278615758922012e-02,9.555278615758922012e-02
1.440000000000000000e+02,9.211424807311806295e-02,9.211424807311806295e-02
1.450000000000000000e+02,8.878729522819819864e-02,8.878729522819819864e-02
1.460000000000000000e+02,8.556873680767621004e-02,8.556873680767621004e-02
1.470000000000000000e+02,8.245546050125501791e-02,8.245546050125501791e-02
1.480000000000000000e+02,7.944443081568726417e-02,7.944443081568726417e-02
1.490000000000000000e+02,7.653268742660035429e-02,7.653268742660035429e-02
1.500000000000000000e+02,7.371734356843925862e-02,7.371734356843925862e-02
1.510000000000000000e+02,7.099558446108386600e-02,7.099558446108386600e-02
1.520000000000000000e+02,6.836466577176890380e-02,6.836466577176890380e-02
1.530000000000000000e+02,6.582191211100094086e-02,6.582191211100094086e-02
1.540000000000000000e+02,6.336471556123185467e-02,6.336471556123185467e-02
1.550000000000000000e+02,6.099053423711006672e-02,6.099053423711006672e-02
1.560000000000000000e+02,5.869689087619015672e-02,5.869689087619015672e-02
1.570000000000000000e+02,5.648137145903871920e-02,5.648137145903871920e-02
1.580000000000000000e+02,5.434162385772915715e-02,5.434162385772915715e-02
1.590000000000000000e+02,5.227535651176987153e-02,5.227535651176987153e-02
1.600000000000000000e+02,5.028033713056113269e-02,5.028033713056113269e-02
1.610000000000000000e+02,4.835439142152306996e-02,4.835439142152306996e-02
1.620000000000000000e+02,4.649540184308361551e-02,4.649540184308361551e-02
1.630000000000000000e+02,4.470130638175823234e-02,4.470130638175823234e-02
1.640000000000000000e+02,4.297009735259556262e-02,4.297009735259556262e-02
1.650000000000000000e+02,4.129982022230210825e-02,4.129982022230210825e-02
1.660000000000000000e+02,3.968857245439736531e-02,3.968857245439736531e-02
1.670000000000000000e+02,3.813450237578625002e-02,3.813450237578625002e-02
1.680000000000000000e+02,3.663580806417017499e-02,3.663580806417017499e-02
1.690000000000000000e+02,3.519073625575017128e-02,3.519073625575017128e-02
1.700000000000000000e+02,3.379758127270617724e-02,3.379758127270617724e-02
1.710000000000000000e+02,3.245468396996580018e-02,3.245468396996580018e-02
1.720000000000000000e+02,3.116043070080308508e-02,3.116043070080308508e-02
1.730000000000000000e+02,2.991325230083403258e-02,2.991325230083403258e-02
1.740000000000000000e+02,2.871162308999976320e-02,2.871162308999976320e-02
1.750000000000000000e+02,2.755405989215150425e-02,2.755405989215150425e-02
1.760000000000000000e+02,2.643912107187322905e-02,2.643912107187322905e-02
1.770000000000000000e+02,2.536540558819799090e-02,2.536540558819799090e-02
1.780000000000000000e+02,2.433155206489336086e-02,2.433155206489336086e-02
1.790000000000000000e+02,2.333623787700896818e-02,2.333623787700896818e-02
1.800000000000000000e+02,2.237817825339611169e-02,2.237817825339611169e-02
1.810000000000000000e+02,2.145612539492491172e-02,2.145612539492491172e-02
1.820000000000000000e+02,2.056886760813896736e-02,2.056886760813896736e-02
1.830000000000000000e+02,1.971522845410109484e-02,1.971522845410109484e-02
1.840000000000000000e+02,1.889406591219609799e-02,1.889406591219609799e-02
1.850000000000000000e+02,1.810427155866836668e-02,1.810427155866836668e-02
1.860000000000000000e+02,1.734476975968242060e-02,1.734476975968242060e-02
1.870000000000000000e+02,1.661451687870482002e-02,1.661451687870482002e-02
1.880000000000000000e+02,1.591250049801443828e-02,1.591250049801443828e-02
1.890000000000000000e+02,1.523773865415679538e-02,1.523773865415679538e-02
1.900000000000000000e+02,1.458927908716534105e-02,1.458927908716534105e-02
1.910000000000000000e+02,1.396619850337970335e-02,1.396619850337970335e-02
1.920000000000000000e+02,1.336760185169693672e-02,1.336760185169693672e-02
1.930000000000000000e+02,1.279262161309751081e-02,1.279262161309751081e-02
1.940000000000000000e+02,1.224041710329276320e-02,1.224041710329276320e-02
1.950000000000000000e+02,1.171017378834498038e-02,1.171017378834498038e-02
1.960000000000000000e+02,1.120110261311526613e-02,1.120110261311526613e-02
1.970000000000000000e+02,1.071243934239784167e-02,1.071243934239784167e-02
1.980000000000000000e+02,1.024344391460247673e-02,1.024344391460247673e-02
1.990000000000000000e+02,9.793399807849274830e-03,9.793399807849274830e-03
2.000000000000000000e+02,9.361613418342462634e-03,9.361613418342462634e-03
2.010000000000000000e+02,8.947413450891505970e-03,8.947413450891505970e-03
2.020000000000000000e+02,8.550150321449633689e-03,8.550150321449633689e-03
2.030000000000000000e+02,8.169195571540915912e-03,8.169195571540915912e-03
2.040000000000000000e+02,7.803941294448172444e-03,7.803941294448172444e-03
2.050000000000000000e+02,7.453799573034621158e-03,7.453799573034621158e-03
2.060000000000000000e+02,7.118201929072713076e-03,7.118201929072713076e-03
2.070000000000000000e+02,6.796598783953862813e-03,6.796598783953862813e-03
2.080000000000000000e+02,6.488458930652930487e-03,6.488458930652930487e-03
2.090000000000000000e+02,6.193269016821177642e-03,6.193269016821177642e-03
2.100000000000000000e+02,5.910533038881315634e-03,5.910533038881315634e-03
2.110000000000000000e+02,5.639771846997843410e-03,5.639771846997843410e-03
2.120000000000000000e+02,5.380522660795463916e-03,5.380522660795463916e-03
2.130000000000000000e+02,5.132338595697866213e-03,5.132338595697866213e-03
2.140000000000000000e+02,4.894788199758491609e-03,4.894788199758491609e-03
2.150000000000000000e+02,4.667455000854268954e-03,4.667455000854268954e-03
2.160000000000000000e+02,4.449937064112588665e-03,4.449937064112588665e-03
2.170000000000000000e+02,4.241846559440982760e-03,4.241846559440982760e-03
2.180000000000000000e+02,4.042809339028268639e-03,4.042809339028268639e-03
2.190000000000000000e+02,3.852464524685055274e-03,3.852464524685055274e-03
2.200000000000000000e+02,3.670464104890771000e-03,3.670464104890771000e-03
2.210000000000000000e+02,3.496472541413550746e-03,3.496472541413550746e-03
2.220000000000000000e+02,3.330166385368583254e-03,3.330166385368583254e-03
2.230000000000000000e+02,3.171233902579775540e-03,3.171233902579775540e-03
2.240000000000000000e+02,3.019374708108845447e-03,3.019374708108845447e-03
2.250000000000000000e+02,2.874299409815367270e-03,2.874299409815367270e-03
2.260000000000000000e+02,2.735729260810592853e-03,2.735729260810592853e-03
2.270000000000000000e+02,2.603395820667359691e-03,2.603395820667359691e-03
2.280000000000000000e+02,2.477040625247871504e-03,2.477040625247871504e-03
2.290000000000000000e+02,2.356414865010683125e-03,2.356414865010683125e-03
2.300000000000000000e+02,2.241279071657853797e-03,2.241279071657853797e-03
2.310000000000000000e+02,2.131402812982916353e-03,2.131402812982916353e-03
2.320000000000000000e+02,2.026564395780067369e-03,2.026564395780067369e-03
2.330000000000000000e+02,1.926550576674823309e-03,1.926550576674823309e-03
2.340000000000000000e+02,1.831156280736301843e-03,1.831156280736301843e-03
2.350000000000000000e+02,1.740184327731264958e-03,1.740184327731264958e-03
2.360000000000000000e+02,1.653445165880161301e-03,1.653445165880161301e-03
2.370000000000000000e+02,1.570756612975508218e-03,1.570756612975508218e-03
2.380000000000000000e+02,1.491943604723229306e-03,1.491943604723229306e-03
2.390000000000000000e+02,1.416837950167845013e-03,1.416837950167845013e-03
2.400000000000000000e+02,1.345278094062822517e-03,1.345278094062822517e-03
2.410000000000000000e+02,1.277108886047849130e-03,1.277108886047849130e-03
2.420000000000000000e+02,1.212181356495348325e-03,1.212181356495348325e-03
2.430000000000000000e+02,1.150352498889194598e-03,1.150352498889194598e-03
2.440000000000000000e+02,1.091485058599266826e-03,1.091485058599266826e-03
2.450000000000000000e+02,1.035447327916284941e-03,1.035447327916284941e-03
2.460000000000000000e+02,9.821129472122056350e-04,9.821129472122056350e-04
2.470000000000000000e+02,9.313607120923865761e-04,9.313607120923865761e-04
2.480000000000000000e+02,8.830743864067350278e-04,8.830743864067350278e-04
2.490000000000000000e+02,8.371425209880883119e-04,8.371425209880883119e-04
2.500000000000000000e+02,7.934582779872316818e-04,7.934582779872316818e-04
2.510000000000000000e+02,7.519192606751281659e-04,7.519192606751281659e-04
2.520000000000000000e+02,7.124273485842008528e-04,7.124273485842008528e-04
2.530000000000000000e+02,6.748885378617877758e-04,6.748885378617877758e-04
2.540000000000000000e+02,6.392127867102905588e-04,6.392127867102905588e-04
2.550000000000000000e+02,6.053138657899177419e-04,6.053138657899177419e-04
2.560000000000000000e+02,5.731092134614075443e-04,5.731092134614075443e-04
2.570000000000000000e+02,5.425197957476176345e-04,5.425197957476176345e-04
2.580000000000000000e+02,5.134699708944280181e-04,5.134699708944280181e-04
2.590000000000000000e+02,4.858873584129993714e-04,4.858873584129993714e-04
2.600000000000000000e+02,4.597027124870539314e-04,4.597027124870539314e-04
2.610000000000000000e+02,4.348497996305335646e-04,4.348497996305335646e-04
2.620000000000000000e+02,4.112652804826742638e-04,4.112652804826742638e-04
2.630000000000000000e+02,3.888885956292796164e-04,3.888885956292796164e-04
2.640000000000000000e+02,3.676618553407338171e-04,3.676618553407338171e-04
2.650000000000000000e+02,3.475297331190754422e-04,3.475297331190754422e-04
2.660000000000000000e+02,3.284393629482618626e-04,3.284393629482618626e-04
2.670000000000000000e+02,3.103402401435812223e-04,3.103402401435812223e-04
2.680000000000000000e+02,2.931841256980050004e-04,2.931841256980050004e-04
2.690000000000000000e+02,2.769249540251390602e-04,2.769249540251390602e-04
2.700000000000000000e+02,2.615187440002887578e-04,2.615187440002887578e-04
2.710000000000000000e+02,2.469235132030410656e-04,2.469235132030410656e-04
2.720000000000000000e+02,2.330991952666414916e-04,2.330991952666414916e-04
2.730000000000000000e+02,2.200075602413379501e-04,2.200075602413379501e-04
2.740000000000000000e+02,2.076121378807541541e-04,2.076121378807541541e-04
2.750000000000000000e+02,1.958781437622453237e-04,1.958781437622453237e-04
2.760000000000000000e+02,1.847724081540808581e-04,1.847724081540808581e-04
2.770000000000000000e+02,1.742633075441838537e-04,1.742633075441838537e-04
2.780000000000000000e+02,1.643206987470392593e-04,1.643206987470392593e-04
2.790000000000000000e+02,1.549158555072535160e-04,1.549158555072535160e-04
2.800000000000000000e+02,1.460214075201217096e-04,1.460214075201217096e-04
2.810000000000000000e+02,1.376112817914004836e-04,1.376112817914004836e-04
2.820000000000000000e+02,1.296606462603369138e-04,1.296606462603369138e-04
2.830000000000000000e+02,1.221458556118285564e-04,1.221458556118285564e-04
2.840000000000000000e+02,1.150443992054002955e-04,1.150443992054002955e-04
2.850000000000000000e+02,1.083348510504857228e-04,1.083348510504857228e-04
2.860000000000000000e+02,1.019968217592787108e-04,1.019968217592787108e-04
2.870000000000000000e+02,9.601091241017738393e-05,9.601091241017738393e-05
2.880000000000000000e+02,9.035867025658916721e-05,9.035867025658916721e-05
2.890000000000000000e+02,8.502254621758299140e-05,8.502254621758299140e-05
2.900000000000000000e+02,7.998585408856819445e-05,7.998585408856819445e-05
2.910000000000000000e+02,7.523273141186367907e-05,7.523273141186367907e-05
2.920000000000000000e+02,7.074810194866514804e-05,7.074810194866514804e-05
2.930000000000000000e+02,6.651763969554668312e-05,6.651763969554668312e-05
2.940000000000000000e+02,6.252773439023809484e-05,6.252773439023809484e-05
2.950000000000000000e+02,5.876545845299203789e-05,5.876545845299203789e-05
2.960000000000000000e+02,5.521853531141000527e-05,5.521853531141000527e-05
2.970000000000000000e+02,5.187530905811383865e-05,5.187530905811383865e-05
2.980000000000000000e+02,4.872471539215179794e-05,4.872471539215179794e-05
2.990000000000000000e+02,4.575625379649617564e-05,4.575625379649617564e-05
3.000000000000000000e+02,4.295996090542616460e-05,4.295996090542616460e-05
3.010000000000000000e+02,4.032638501701153830e-05,4.032638501701153830e-05
3.020000000000000000e+02,3.784656170728923253e-05,3.784656170728923253e-05
3.030000000000000000e+02,3.551199050408836258e-05,3.551199050408836258e-05
3.040000000000000000e+02,3.331461257978237756e-05,3.331461257978237756e-05
3.050000000000000000e+02,3.124678942355108371e-05,3.124678942355108371e-05
3.060000000000000000e+02,2.930128245500198685e-05,2.930128245500198685e-05
3.070000000000000000e+02,2.747123354224519274e-05,2.747123354224519274e-05
3.080000000000000000e+02,2.575014638872921520e-05,2.575014638872921520e-05
3.090000000000000000e+02,2.413186875432979999e-05,2.413186875432979999e-05
3.100000000000000000e+02,2.261057547734002176e-05,2.261057547734002176e-05
3.110000000000000000e+02,2.118075226513983973e-05,2.118075226513983973e-05
3.120000000000000000e+02,1.983718022242129305e-05,1.983718022242129305e-05
3.130000000000000000e+02,1.857492108691954094e-05,1.857492108691954094e-05
3.140000000000000000e+02,1.738930314364441225e-05,1.738930314364441225e-05
3.150000000000000000e+02,1.627590778962363275e-05,1.627590778962363275e-05
3.160000000000000000e+02,1.523055672215950377e-05,1.523055672215950377e-05
3.170000000000000000e+02,1.424929972456326372e-05,1.424929972456326372e-05
3.180000000000000000e+02,1.332840302427041199e-05,1.332840302427041199e-05
3.190000000000000000e+02,1.246433819914743668e-05,1.246433819914743668e-05
3.200000000000000000e+02,1.165377160868751594e-05,1.165377160868751594e-05
3.210000000000000000e+02,1.089355432765233671e-05,1.089355432765233671e-05
3.220000000000000000e+02,1.018071256054892523e-05,1.018071256054892523e-05
3.230000000000000000e+02,9.512438516142460070e-06,9.512438516142460070e-06
3.240000000000000000e+02,8.886081721990942583e-06,8.886081721990942583e-06
3.250000000000000000e+02,8.299140759747536248e-06,8.299140759747536248e-06
3.260000000000000000e+02,7.749255402716313183e-06,7.749255402716313183e-06
3.270000000000000000e+02,7.234199137861367987e-06,7.234199137861367987e-06
3.280000000000000000e+02,6.751872055162399567e-06,6.751872055162399567e-06
3.290000000000000000e+02,6.300294087879507231e-06,6.300294087879507231e-06
3.300000000000000000e+02,5.877598587940542333e-06,5.877598587940542333e-06
3.310000000000000000e+02,5.482026221290486903e-06,5.482026221290486903e-06
3.320000000000000000e+02,5.111919168650402081e-06,5.111919168650402081e-06
3.330000000000000000e+02,4.765715617720561787e-06,4.765715617720561787e-06
3.340000000000000000e+02,4.441944533428659931e-06,4.441944533428659931e-06
3.350000000000000000e+02,4.139220693373068570e-06,4.139220693373068570e-06
3.360000000000000000e+02,3.856239976138912330e-06,3.856239976138912330e-06
3.370000000000000000e+02,3.591774890676383163e-06,3.591774890676383163e-06
3.380000000000000000e+02,3.344670335423276336e-06,3.344670335423276336e-06
3.390000000000000000e+02,3.113839576328382113e-06,3.113839576328382113e-06
3.400000000000000000e+02,2.898260433392038819e-06,2.898260433392038819e-06
3.410000000000000000e+02,2.696971665780416552e-06,2.696971665780416552e-06
3.420000000000000000e+02,2.509069545997462820e-06,2.509069545997462820e-06
3.430000000000000000e+02,2.333704614007058538e-06,2.333704614007058538e-06
3.440000000000000000e+02,2.170078602593835607e-06,2.170078602593835607e-06
3.450000000000000000e+02,2.017441525630953272e-06,2.017441525630953272e-06
3.460000000000000000e+02,1.875088921288729809e-06,1.875088921288729809e-06
3.470000000000000000e+02,1.742359242570064181e-06,1.742359242570064181e-06
3.480000000000000000e+02,1.618631387897197294e-06,1.618631387897197294e-06
3.490000000000000000e+02,1.503322364799284314e-06,1.503322364799284314e-06
3.500000000000000000e+02,1.395885080062888948e-06,1.395885080062888948e-06
3.510000000000000000e+02,1.295806250008463934e-06,1.295806250008463934e-06
3.520000000000000000e+02,1.202604424843033988e-06,1.202604424843033988e-06
3.530000000000000000e+02,1.115828121317908849e-06,1.115828121317908849e-06
3.540000000000000000e+02,1.035054058184350842e-06,1.035054058184350842e-06
3.550000000000000000e+02,9.598854891961797087e-07,9.598854891961797087e-07
3.560000000000000000e+02,8.899506286526716025e-07,8.899506286526716025e-07
3.570000000000000000e+02,8.249011647091905330e-07,8.249011647091905330e-07
3.580000000000000000e+02,7.644108559082685904e-07,7.644108559082685904e-07
3.590000000000000000e+02,7.081742065988909183e-07,7.081742065988909183e-07
3.600000000000000000e+02,6.559052171184223155e-07,6.559052171184223155e-07
3.610000000000000000e+02,6.073362048086256463e-07,6.073362048086256463e-07
3.620000000000000000e+02,5.622166921271538122e-07,5.622166921271538122e-07
3.630000000000000000e+02,5.203123582961184392e-07,5.203123582961184392e-07
3.640000000000000000e+02,4.814040511031075608e-07,4.814040511031075608e-07
3.650000000000000000e+02,4.452868556353208330e-07,4.452868556353208330e-07
3.660000000000000000e+02,4.117692168862660332e-07,4.117692168862660332e-07
3.670000000000000000e+02,3.806721133252344685e-07,3.806721133252344685e-07
3.680000000000000000e+02,3.518282786650828536e-07,3.518282786650828536e-07
3.690000000000000000e+02,3.250814692016126135e-07,3.250814692016126135e-07
3.700000000000000000e+02,3.002857742299380723e-07,3.002857742299380723e-07
3.710000000000000000e+02,2.773049671692461760e-07,2.773049671692461760e-07
3.720000000000000000e+02,2.560118951476262682e-07,2.560118951476262682e-07
3.730000000000000000e+02,2.362879049131006176e-07,2.362879049131006176e-07
3.740000000000000000e+02,2.180223030468932849e-07,2.180223030468932849e-07
3.750000000000000000e+02,2.011118485587664453e-07,2.011118485587664453e-07
3.760000000000000000e+02,1.854602760441539644e-07,1.854602760441539644e-07
3.770000000000000000e+02,1.709778476774035203e-07,1.709778476774035203e-07
3.780000000000000000e+02,1.575809324057206074e-07,1.575809324057206074e-07
3.790000000000000000e+02,1.451916107944064284e-07,1.451916107944064284e-07
3.800000000000000000e+02,1.337373040560519216e-07,1.337373040560519216e-07
3.810000000000000000e+02,1.231504258739509073e-07,1.231504258739509073e-07
3.820000000000000000e+02,1.133680557044465054e-07,1.133680557044465054e-07
3.830000000000000000e+02,1.043316323133655424e-07,1.043316323133655424e-07
3.840000000000000000e+02,9.598666636861192098e-08,9.598666636861192098e-08
3.850000000000000000e+02,8.828247097513437896e-08,8.828247097513437896e-08
3.860000000000000000e+02,8.117190909871828331e-08,8.117190909871828331e-08
3.870000000000000000e+02,7.461115688289649658e-08,7.461115688289649658e-08
3.880000000000000000e+02,6.855948191785199205e-08,6.855948191785199205e-08
3.890000000000000000e+02,6.297903557216156316e-08,6.297903557216156316e-08
3.900000000000000000e+02,5.783465854757684148e-08,5.783465854757684148e-08
3.910000000000000000e+02,5.309369886377655376e-08,5.309369886377655376e-08
3.920000000000000000e+02,4.872584152440793246e-08,4.872584152440793246e-08
3.930000000000000000e+02,4.470294915800013305e-08,4.470294915800013305e-08
3.940000000000000000e+02,4.099891296697675042e-08,4.099891296697675042e-08
3.950000000000000000e+02,3.758951335616018341e-08,3.758951335616018341e-08
3.960000000000000000e+02,3.445228964772449917e-08,3.445228964772449917e-08
3.970000000000000000e+02,3.156641832377148226e-08,3.156641832377148226e-08
3.980000000000000000e+02,2.891259926972798070e-08,2.891259926972798070e-08
3.990000000000000000e+02,2.647294952227166958e-08,2.647294952227166958e-08
4.000000000000000000e+02,2.423090405434449526e-08,2.423090405434449526e-08
4.010000000000000000e+02,2.217112315706008498e-08,2.217112315706008498e-08
4.020000000000000000e+02,2.027940600415333956e-08,2.027940600415333956e-08
4.030000000000000000e+02,1.854261000898763575e-08,1.854261000898763575e-08
4.040000000000000000e+02,1.694857560722592439e-08,1.694857560722592439e-08
4.050000000000000000e+02,1.548605612011273134e-08,1.548605612011273134e-08
4.060000000000000000e+02,1.414465237382366799e-08,1.414465237382366799e-08
4.070000000000000000e+02,1.291475176990731536e-08,1.291475176990731536e-08
4.080000000000000000e+02,1.178747152014800513e-08,1.178747152014800513e-08
4.090000000000000000e+02,1.075460577652310818e-08,1.075460577652310818e-08
4.100000000000000000e+02,9.808576403348825144e-09,9.808576403348825144e-09
4.110000000000000000e+02,8.942387154104137769e-09,8.942387154104137769e-09
4.120000000000000000e+02,8.149581030006349577e-09,8.149581030006349577e-09
4.130000000000000000e+02,7.424200611130515284e-09,7.424200611130515284e-09
4.140000000000000000e+02,6.760751163834501653e-09,6.760751163834501653e-09
4.150000000000000000e+02,6.154166340418304708e-09,6.154166340418304708e-09
4.160000000000000000e+02,5.599776298458492196e-09,5.599776298458492196e-09
4.170000000000000000e+02,5.093278078061117742e-09,5.093278078061117742e-09
4.180000000000000000e+02,4.630708085484727092e-09,4.630708085484727092e-09
4.190000000000000000e+02,4.208416541144567460e-09,4.208416541144567460e-09
4.200000000000000000e+02,3.823043759051322544e-09,3.823043759051322544e-09
4.210000000000000000e+02,3.471498133219870844e-09,3.471498133219870844e-09
4.220000000000000000e+02,3.150935714539514672e-09,3.150935714539514672e-09
4.230000000000000000e+02,2.858741269125347560e-09,2.858741269125347560e-09
4.240000000000000000e+02,2.592510716213842628e-09,2.592510716213842628e-09
4.250000000000000000e+02,2.350034850253265225e-09,2.350034850253265225e-09
4.260000000000000000e+02,2.129284258103257346e-09,2.129284258103257346e-09
4.270000000000000000e+02,1.928395348063788402e-09,1.928395348063788402e-09
4.280000000000000000e+02,1.745657412949321769e-09,1.745657412949321769e-09
4.290000000000000000e+02,1.579500654557153243e-09,1.579500654557153243e-09
4.300000000000000000e+02,1.428485101697746213e-09,1.428485101697746213e-09
4.310000000000000000e+02,1.291290358492869630e-09,1.291290358492869630e-09
4.320000000000000000e+02,1.166706123864766576e-09,1.166706123864766576e-09
4.330000000000000000e+02,1.053623427127231206e-09,1.053623427127231206e-09
4.340000000000000000e+02,9.510265283073438518e-10,9.510265283073438518e-10
4.350000000000000000e+02,8.579854353124224820e-10,8.579854353124224820e-10
4.360000000000000000e+02,7.736489933082226882e-10,7.736489933082226882e-10
4.370000000000000000e+02,6.972385047485990522e-10,6.972385047485990522e-10
4.380000000000000000e+02,6.280418413393932456e-10,6.280418413393932456e-10
4.390000000000000000e+02,5.654080118948603084e-10,5.654080118948603084e-10
4.400000000000000000e+02,5.087421525466636019e-10,5.087421525466636019e-10
4.410000000000000000e+02,4.575009081002951364e-10,4.575009081002951364e-10
4.420000000000000000e+02,4.111881755146055935e-10,4.111881755146055935e-10
4.430000000000000000e+02,3.693511825220323858e-10,3.693511825220323858e-10
4.440000000000000000e+02,3.315768763096825531e-10,3.315768763096825531e-10
4.450000000000000000e+02,2.974885989557271197e-10,2.974885989557271197e-10
4.460000000000000000e+02,2.667430279853438761e-10,2.667430279853438761e-10
4.470000000000000000e+02,2.390273619406067419e-10,2.390273619406067419e-10
4.480000000000000000e+02,2.140567323183785955e-10,2.140567323183785955e-10
4.490000000000000000e+02,1.915718245658245327e-10,1.915718245658245327e-10
4.500000000000000000e+02,1.713366920801664189e-10,1.713366920801664189e-10
4.510000000000000000e+02,1.531367483306307961e-10,1.531367483306307961e-10
4.520000000000000000e+02,1.367769232997307102e-10,1.367769232997307102e-10
4.530000000000000000e+02,1.220799714641155541e-10,1.220799714641155541e-10
4.540000000000000000e+02,1.088849194725648903e-10,1.088849194725648903e-10
4.550000000000000000e+02,9.704564255590734621e-11,9.704564255590734621e-11
4.560000000000000000e+02,8.642955952201389985e-11,8.642955952201389985e-11
4.570000000000000000e+02,7.691643694385530581e-11,7.691643694385530581e-11
4.580000000000000000e+02,6.839729385702747229e-11,6.839729385702747229e-11
4.590000000000000000e+02,6.077339893736141667e-11,6.077339893736141667e-11
4.600000000000000000e+02,5.395535273502155027e-11,5.395535273502155027e-11
4.610000000000000000e+02,4.786224811001405414e-11,4.786224811001405414e-11
4.620000000000000000e+02,4.242090253538714339e-11,4.242090253538714339e-11
4.630000000000000000e+02,3.756515642180476670e-11,3.756515642180476670e-11
4.640000000000000000e+02,3.323523206883703382e-11,3.323523206883703382e-11
4.650000000000000000e+02,2.937714826392132014e-11,2.937714826392132014e-11
4.660000000000000000e+02,2.594218594195502860e-11,2.594218594195502860e-11
4.670000000000000000e+02,2.288640067168585108e-11,2.288640067168585108e-11
4.680000000000000000e+02,2.017017807337438339e-11,2.017017807337438339e-11
4.690000000000000000e+02,1.775782857459250011e-11,1.775782857459250011e-11
4.700000000000000000e+02,1.561721820001475368e-11,1.561721820001475368e-11
4.710000000000000000e+02,1.371943235219020380e-11,1.371943235219020380e-11
4.720000000000000000e+02,1.203846978473583258e-11,1.203846978473583258e-11
4.730000000000000000e+02,1.055096419301538638e-11,1.055096419301538638e-11
4.740000000000000000e+02,9.235931058408607992e-12,9.235931058408607992e-12
