elapsed_seconds,objective,objective_gap
2.152920000000000116e-04,0.000000000000000000e+00,2.711584175254383808e+02
5.953330000000000817e-04,-2.315440692149028337e+02,3.961434831053554717e+01
2.206000000000000062e-03,-2.516651946211541144e+02,1.949322290428426641e+01
3.537083000000000328e-03,-2.597308782786030861e+02,1.142753924683529476e+01
4.443083000000000449e-03,-2.664308396202560516e+02,4.727577905182329232e+00
5.995375000000000704e-03,-2.673936431193423005e+02,3.764774406096080384e+00
6.670125000000000706e-03,-2.701123442861218678e+02,1.046073239316513082e+00
8.242624999999999952e-03,-2.703074475338231650e+02,8.509699916152158039e-01
1.009358300000000146e-02,-2.708247258660530292e+02,3.336916593853516133e-01
1.150512500000000146e-02,-2.709636578902391193e+02,1.947596351992615382e-01
1.284750000000000128e-02,-2.710542993137984809e+02,1.041182116398999824e-01
1.397795800000000040e-02,-2.710905661903796044e+02,6.785133505877638527e-02
1.509883300000000074e-02,-2.711201755797100645e+02,3.824194572831629557e-02
1.662429200000000232e-02,-2.711269433516039840e+02,3.147417383439687910e-02
1.794312500000000074e-02,-2.711384882734369626e+02,1.992925200141826281e-02
1.946954200000000287e-02,-2.711416430005965594e+02,1.677452484182140324e-02
2.114937500000000151e-02,-2.711492853616214234e+02,9.132163816957472591e-03
2.253483300000000064e-02,-2.711527838260356589e+02,5.633699402721958904e-03
2.396329200000000062e-02,-2.711537676238509107e+02,4.649901587470139930e-03
2.543541700000000183e-02,-2.711566754832364836e+02,1.742042201897220366e-03
2.707795800000000266e-02,-2.711573692797529702e+02,1.048245685410620354e-03
2.868037500000000101e-02,-2.711576533803731763e+02,7.641450652045023162e-04
3.023266700000000126e-02,-2.711578427683586483e+02,5.747570797325352032e-04
3.229383300000000095e-02,-2.711579229575120280e+02,4.945679263528290903e-04
3.358699999999999880e-02,-2.711580442013012657e+02,3.733241371151052590e-04
3.507541700000000456e-02,-2.711580856376576776e+02,3.318877807032549754e-04
3.616387500000000504e-02,-2.711581644405545148e+02,2.530848838659949251e-04
3.783416700000000188e-02,-2.711581903503509352e+02,2.271750874456301972e-04
3.951800000000000451e-02,-2.711583163710957933e+02,1.011543425875061075e-04
4.103316700000000233e-02,-2.711583540626885451e+02,6.346274983570765471e-05
4.316650000000000348e-02,-2.711583721015247193e+02,4.542391366157971788e-05
4.476870800000000428e-02,-2.711583897739639042e+02,2.775147447664494393e-05
4.610895800000000544e-02,-2.711583936942937498e+02,2.383114463100355351e-05
4.788262500000000504e-02,-2.711583973596382293e+02,2.016580015151703265e-05
4.970266700000000593e-02,-2.711584010949981121e+02,1.643044026877760189e-05
5.102391700000000196e-02,-2.711584039564146451e+02,1.356902373572665965e-05
5.232020799999999999e-02,-2.711584061947043551e+02,1.133073402570516919e-05
5.383729200000000187e-02,-2.711584079696156095e+02,9.555822771289967932e-06
5.514395800000000680e-02,-2.711584125028709877e+02,5.022567393098142929e-06
5.688150000000000150e-02,-2.711584139809557428e+02,3.544482638062618207e-06
5.899391700000000682e-02,-2.711584158498991997e+02,1.675539181178464787e-06
6.079983300000000451e-02,-2.711584160414274720e+02,1.484010908825439401e-06
6.234320800000000412e-02,-2.711584164234358241e+02,1.102002556763181929e-06
6.368800000000000849e-02,-2.711584166828447451e+02,8.425936357525642961e-07
6.523425000000000751e-02,-2.711584169761261478e+02,5.493122330335609149e-07
6.657262500000001026e-02,-2.711584171137171211e+02,4.117212597520847339e-07
6.789970800000000306e-02,-2.711584171844853017e+02,3.409530791032011621e-07
6.924462500000000409e-02,-2.711584173313185602e+02,1.941198206623084843e-07
7.078037500000000648e-02,-2.711584174293789715e+02,9.605940931578516029e-08
7.210758300000000287e-02,-2.711584174704208863e+02,5.501749456016113982e-08
7.343079200000000861e-02,-2.711584175004982171e+02,2.494016371201723814e-08
7.364591700000000518e-02,-2.711584175124470448e+02,1.299133600696222857e-08
7.509741699999999964e-02,-2.711584175173910012e+02,8.047379651543451473e-09
7.567366700000000002e-02,-2.711584175206505165e+02,4.787864327226998284e-09
7.717420800000000802e-02,-2.711584175220040152e+02,3.434365680732298642e-09
7.738020800000000587e-02,-2.711584175227789046e+02,2.659476194821763784e-09
7.891879200000000150e-02,-2.711584175234085592e+02,2.029821644100593403e-09
7.912458299999999833e-02,-2.711584175242918491e+02,1.146531758422497660e-09
8.009850000000000303e-02,-2.711584175247755297e+02,6.628511073358822614e-10
8.037391700000000305e-02,-2.711584175250069961e+02,4.313847057346720248e-10
8.062287500000001050e-02,-2.711584175252098703e+02,2.285105438204482198e-10
8.195087500000000635e-02,-2.711584175252454543e+02,1.929265636135824025e-10
8.215562500000000989e-02,-2.711584175252920090e+02,1.463718035665806383e-10
8.237512500000000737e-02,-2.711584175253440208e+02,9.436007530894130468e-11
8.305629200000000378e-02,-2.711584175253531157e+02,8.526512829121202230e-11
8.325875000000000636e-02,-2.711584175253588000e+02,7.958078640513122082e-11
8.346595800000000676e-02,-2.711584175253758531e+02,6.252776074688881636e-11
8.368295800000000173e-02,-2.711584175253872218e+02,5.115907697472721338e-11
8.458458300000000485e-02,-2.711584175253962030e+02,4.217781679471954703e-11
8.480175000000000907e-02,-2.711584175254033084e+02,3.507238943711854517e-11
8.502516699999999872e-02,-2.711584175254203046e+02,1.807620719773694873e-11
8.613175000000000692e-02,-2.711584175254263869e+02,1.199396137963049114e-11
8.633945800000000781e-02,-2.711584175254364482e+02,1.932676241267472506e-12
8.654595800000000616e-02,-2.711584175254376419e+02,7.389644451905041933e-13
8.744820799999999950e-02,-2.711584175254379261e+02,4.547473508864641190e-13
8.765279200000000714e-02,-2.711584175254379261e+02,4.547473508864641190e-13
