iteration,objective,objective_gap,gradient_norm
0.000000000000000000e+00,9.999980000030000000e+11,9.999980000030000000e+11,2.000000000000000000e+06
1.000000000000000000e+00,4.999985000032499390e+11,4.999985000032499390e+11,5.000005000019999390e+11
2.000000000000000000e+00,5.738776216438521576e+10,5.738776216438521576e+10,1.525851593092500305e+11
3.000000000000000000e+00,4.398106504903404236e+10,4.398106504903404236e+10,2.717555820946904602e+11
4.000000000000000000e+00,6.248918625376763344e+08,6.248918625376763344e+08,3.894731152789794922e+10
5.000000000000000000e+00,9.526594806980845332e+07,9.526594806980845332e+07,1.748060845452354813e+10
6.000000000000000000e+00,1.834508538086487169e+04,1.834508538086487169e+04,2.707152133310146928e+08
7.000000000000000000e+00,4.481954302718357930e+00,4.481954302718357930e+00,4.229984091978848912e+06
8.000000000000000000e+00,1.094264639107936452e-03,1.094264639107936452e-03,6.609388215618618415e+04
9.000000000000000000e+00,2.671604879998920444e-07,2.671604879998920444e-07,1.032722704121904371e+03
1.000000000000000000e+01,6.522620622560287295e-11,6.522620622560287295e-11,1.613638301983109002e+01
1.100000000000000000e+01,1.592522726476227985e-14,1.592522726476227985e-14,2.521324068585890643e-01
1.200000000000000000e+01,3.893647027342537585e-18,3.893647027342537585e-18,3.939591095629265023e-03
1.300000000000000000e+01,9.472928051821539396e-22,9.472928051821539396e-22,6.155624436832062766e-05
1.400000000000000000e+01,2.313842908604271381e-25,2.313842908604271381e-25,9.620484205291509596e-07
